{
    "level": 2,
    "enemy": {
        "speed": 1.6079493764308703,
        "mass": 1.5620124182171815,
        "moving": false,
        "health": -0.3999999999999999,
        "max_health": 2.6,
        "weapon_range": 322.5037406852899,
        "direct_hitter": true,
        "imprecision": 0.034384742395831225,
        "ammo": 2.9000000000000004,
        "max_ammo": 3.9000000000000004,
        "reload_time": 3.8222836197643524
    },
    "enemy_weapon": {
        "name": "sniper",
        "mass": 0.0349504525736142,
        "effect_diameter": 2.6,
        "speed": 1.7083164459470783,
        "firerate": 0.29934024439124884,
        "reload_speed": 3.8222836197643524,
        "ammo_number": 3.9000000000000004,
        "radius": 0.7568929259101859,
        "drill": 0.0,
        "repeat_explosions": true,
        "laser": false
    },
    "terrain": {
        "chunk_number": 58,
        "heights": [
            19,
            19,
            18,
            17,
            17,
            16,
            15,
            14,
            14,
            13,
            12,
            11,
            11,
            10,
            10,
            10,
            10,
            10,
            10,
            11,
            11,
            12,
            12,
            13,
            14,
            15,
            16,
            16,
            17,
            18,
            18,
            19,
            19,
            20,
            20,
            20,
            20,
            20,
            19,
            19,
            18,
            18,
            17,
            16,
            15,
            15,
            14,
            13,
            12,
            12,
            11,
            11,
            10,
            10,
            10,
            10,
            10,
            11,
            11,
            12,
            12,
            13,
            14,
            14,
            15,
            16,
            17,
            18,
            18,
            19,
            19,
            20,
            20,
            20,
            20,
            20,
            20,
            19,
            19,
            18,
            17,
            16,
            16,
            15,
            14,
            13,
            13,
            12,
            11,
            11,
            10,
            10,
            10,
            10,
            10,
            10,
            11,
            11,
            12,
            13,
            13,
            14,
            15,
            16,
            17,
            17,
            18,
            19,
            19,
            20,
            20,
            20,
            20,
            20,
            20
        ],
        "chunk_size": 2
    }
}