{
    "level": 3,
    "enemy": {
        "speed": 5.955599843385262,
        "mass": 1.9419168930874542,
        "moving": false,
        "health": -0.7999999999999998,
        "max_health": 3.2,
        "weapon_range": 448.7653621484587,
        "direct_hitter": true,
        "imprecision": 0.054766995721683955,
        "ammo": 1.2000000000000002,
        "max_ammo": 3.2,
        "reload_time": 2.9968945210221154
    },
    "enemy_weapon": {
        "name": "sniper",
        "mass": 0.03692482144354565,
        "effect_diameter": 4.800000000000001,
        "speed": 1.4640966394426855,
        "firerate": 0.31885872744517213,
        "reload_speed": 2.9968945210221154,
        "ammo_number": 3.2,
        "radius": 1.1841154660609838,
        "drill": 3.2,
        "repeat_explosions": true,
        "laser": false
    },
    "terrain": {
        "chunk_number": 50,
        "heights": [
            17,
            18,
            18,
            19,
            20,
            20,
            21,
            21,
            21,
            22,
            22,
            22,
            22,
            22,
            22,
            21,
            21,
            21,
            20,
            19,
            19,
            18,
            17,
            17,
            16,
            15,
            14,
            14,
            13,
            12,
            12,
            11,
            11,
            10,
            10,
            10,
            10,
            10,
            10,
            10,
            11,
            11,
            12,
            12,
            13,
            13,
            14,
            15,
            16,
            16,
            17,
            18,
            19,
            19,
            20,
            20,
            21,
            21,
            22,
            22,
            22,
            22,
            22,
            22,
            22,
            21,
            21,
            20,
            20,
            19,
            18,
            18,
            17,
            16,
            15,
            15,
            14,
            13,
            13,
            12,
            11,
            11,
            11,
            10,
            10,
            10,
            10,
            10,
            10,
            11,
            11,
            11,
            12,
            12,
            13,
            14,
            14,
            15,
            16
        ],
        "chunk_size": 2
    }
}