{
    "level": 2,
    "enemy": {
        "speed": 1.434866337514021,
        "mass": 1.3286961215009085,
        "moving": false,
        "health": -0.7,
        "max_health": 1.3,
        "weapon_range": 340.9419078532597,
        "direct_hitter": false,
        "imprecision": 0.064132959574152,
        "ammo": 0,
        "max_ammo": 2.6,
        "reload_time": 3.5154706730218317
    },
    "enemy_weapon": {
        "name": "sniper",
        "mass": 0.008315712848371737,
        "effect_diameter": 1.3,
        "speed": 1.895091814060772,
        "firerate": 0.5366311084352893,
        "reload_speed": 3.5154706730218317,
        "ammo_number": 2.6,
        "radius": 0.9433502937043697,
        "drill": 1.3,
        "repeat_explosions": true,
        "laser": false
    },
    "terrain": {
        "chunk_number": 57,
        "heights": [
            11,
            11,
            12,
            12,
            13,
            14,
            14,
            15,
            16,
            16,
            17,
            17,
            17,
            18,
            18,
            18,
            18,
            18,
            18,
            17,
            17,
            16,
            16,
            15,
            14,
            14,
            13,
            12,
            12,
            11,
            11,
            10,
            10,
            10,
            10,
            10,
            10,
            11,
            11,
            11,
            12,
            12,
            13,
            14,
            14,
            15,
            16,
            16,
            17,
            17,
            18,
            18,
            18,
            18,
            18,
            18,
            17,
            17,
            17,
            16,
            15,
            15,
            14,
            13,
            13,
            12,
            12,
            11,
            11,
            10,
            10,
            10,
            10,
            10,
            10,
            11,
            11,
            12,
            12,
            13,
            13,
            14,
            15,
            15,
            16,
            16,
            17,
            17,
            18,
            18,
            18,
            18,
            18,
            18,
            17,
            17,
            16,
            16,
            15,
            15,
            14,
            13,
            13,
            12,
            11,
            11,
            11,
            10,
            10,
            10,
            10,
            10,
            10
        ],
        "chunk_size": 2
    }
}