{
    "level": 2,
    "enemy": {
        "speed": 4.762927282166008,
        "mass": 1.614214887556591,
        "moving": false,
        "health": -0.7,
        "max_health": 1.3,
        "weapon_range": 289.9296092036292,
        "direct_hitter": false,
        "imprecision": 0.009588130231705726,
        "ammo": 0.9000000000000004,
        "max_ammo": 3.9000000000000004,
        "reload_time": 1.7820323742951785
    },
    "enemy_weapon": {
        "name": "sniper",
        "mass": 0.04195037821021765,
        "effect_diameter": 1.3,
        "speed": 1.4596080525528854,
        "firerate": 0.5679614377230412,
        "reload_speed": 1.7820323742951785,
        "ammo_number": 3.9000000000000004,
        "radius": 0.7670678326562305,
        "drill": 0.0,
        "repeat_explosions": false,
        "laser": false
    },
    "terrain": {
        "chunk_number": 61,
        "heights": [
            13,
            13,
            13,
            13,
            14,
            14,
            14,
            15,
            15,
            15,
            15,
            16,
            16,
            16,
            16,
            16,
            16,
            16,
            16,
            16,
            16,
            16,
            16,
            15,
            15,
            15,
            15,
            14,
            14,
            14,
            14,
            13,
            13,
            13,
            12,
            12,
            12,
            11,
            11,
            11,
            11,
            11,
            10,
            10,
            10,
            10,
            10,
            10,
            10,
            10,
            10,
            10,
            10,
            11,
            11,
            11,
            11,
            12,
            12,
            12,
            12,
            13,
            13,
            13,
            14,
            14,
            14,
            14,
            15,
            15,
            15,
            15,
            16,
            16,
            16,
            16,
            16,
            16,
            16,
            16,
            16,
            16,
            16,
            15,
            15,
            15,
            15,
            15,
            14,
            14,
            14,
            13,
            13,
            13,
            12,
            12,
            12,
            12,
            11,
            11,
            11,
            11,
            10,
            10,
            10,
            10,
            10,
            10,
            10,
            10,
            10,
            10,
            10,
            10,
            11,
            11,
            11,
            11,
            12,
            12,
            12
        ],
        "chunk_size": 2
    }
}